{
  "count": 10,
  "content": [
    {
      "image": "../../../assets/images/about-us/site-notice-banner.png",
      "title": "用小孩信息来催收，欠债者都会还钱",
      "date": "2017-02-25",
      "description": "上述案例是北京景运律师事务所主任李鸿雁所遇到案例中的一个。“孩子基本上都是大人的软肋，也是催收最有效的手段之一，一般情况下，只要催收机构报出小孩的信息，欠债者都会赶紧还钱。”李鸿雁说。",
      "link": ""
    }
  ]
}