{
  "content": [
    {
      "question": "如何向好友借款？",
      "answers": [
        {
          "title": "",
          "content": "首页点击找好友借款，然后设置借款信息和还款设置（必填项：借款金额、还款时间），即可发送借款申请给好友，好友同意并支付后，即借款成功。"
        }
      ]
    },
    {
      "question": "如何还款？",
      "answers": [
        {
          "title": "",
          "content": "首页点击借条中心，然后点击我欠谁钱，选择要还款的借条，在我的借条页点击我要还款，支付成功即可。若还款方式为全额还款，可选择线下还款也可选择申请延期，但需注意：线下还款需好友确认后才算还款成功；一笔借款只能延期一次，一次默认延期1个月。"
        }
      ]
    },
    {
      "question": "跟好友借款有利息吗？",
      "answers": [
        {
          "title": "",
          "content": "跟好友借款可以先和好友协商好利息，如果不好意思开口，可适当加些利息，更容易完成借款。"
        }
      ]
    },
    {
      "question": "如果好友不还款怎么办？",
      "answers": [
        {
          "title": "",
          "content": "在借条大师内完成的借款，借条大师有专业的催款模式，同时借条大师还可以为用户提供具有法律效益的电子借条（登录借条大师官网：在“业务服务-下载借条”即可下载）。所以为了保障自己的利益，借款请尽量在借条大师线上完成。"
        }
      ]
    },
    {
      "question": "催款都有哪些方式？",
      "answers": [
        {
          "title": "",
          "content": "目前网站有短信提醒、站内消息提醒、人工电话提醒等催款方式。"
        }
      ]
    },
    {
      "question": "逾期未还款有什么影响？",
      "answers": [
        {
          "title": "",
          "content": "逾期还款会影响个人信用，严重者会被拉入黑名单，还会影响您日后的借款。"
        }
      ]
    },
    {
      "question": "债务人如何还款？",
      "answers": [
        {
          "title": "",
          "content": "债务人从首页进入催收服务页，点击“我要还款”按钮，汇款到指定账号并上传汇款凭证，汇款成功后联系客服核对确认。"
        }
      ]
    },
    {
      "question": "如何进行身份认证？",
      "answers": [
        {
          "title": "",
          "content": "注册登录后，点击“个人中心”，进入“安全中心”里点击身份认证，输入真实姓名及身份证号码等相关信息即可完成身份认证。（注：认证信息必须是真实有效的，以免耽误您在借条大师平台的使用）"
        }
      ]
    },
    {
      "question": "如何注册？",
      "answers": [
        {
          "title": "",
          "content": "首先需要您下载借条大师客户端，下载后打开客户端，点击“免费注册”填写手机号码、密码等相关信息即可完成注册。"
        }
      ]
    },
    {
      "question": "忘记密码怎么找回？",
      "answers": [
        {
          "title": "",
          "content": "首先打开登录页面，在登录页面上点击忘记密码，输入手机号码进行验证，然后重新修改新的密码即可。"
        }
      ]
    },
    {
      "question": "如何修改密码？",
      "answers": [
        {
          "title": "",
          "content": "登录借条大师客户端后，首页点击“个人中心”，进入“安全中心”里面进行设置，可进行修改手势密码与登录密码。"
        }
      ]
    },
    {
      "question": "用借条大师借款安全吗？",
      "answers": [
        {
          "title": "",
          "content": "借条大师平台提供经过CA认证、第三方数字存证、200多家公证处认可的规范电子借条,保障电子借条的安全性、真实性、 合法合规性。可作为有效的电子证据提交给法院。"
        }
      ]
    }
  ]
}













